Aloo baingan masala	1
Aloo baingan	1
Aloo gobi	1
Aloo ki Tikki	1
Aloo Matar	1
Aloo methi	1
Aloo shimla mirch	1
Amriti with Rabdi	1
Amritsari fish	1
Amritsari Kulcha	1
Arbi masala	1
Baati	1
Baingan bharta	1
Bharwaan baigan	1
Bharwaan tinde	1
Bharwein karela	1
Bhatura	1
Bhindi Masala	1
Biryani	1
Butter Chicken	1
Chaat	1
Chana masala	1
Chapathi	1
Chicken Razala	1
Chole bhature	1
Daal Baati Churma	1
Daal Puri	1
Dal makhani	1
Kali Dal	1
Dal	1
Dal fry with tadka	1
Dum aloo|Dum Aloo	1
Flattened rice	1
Poha	1
Gajar ka Halwa	1
Gajar matar aloo	1
Gobhi matar	1
Jeera aloo	1
Kachori	1
Kadai paneer	1
Kadhi Pakoda	1
Karela Bharta	1
Katha meetha petha	1
halwakadoo	1
Kheer	1
Khichdi	1
Kofta	1
Kulfi falooda	1
Lauki ke kofte	1
Lauki ki subji	1
Litti chokha	1
Makki di roti	1
Sarson Da Saag	1
Mathura ke pede	1
Methi Saag	1
Chaulai Saab	1
Misi roti	1
Mixed vegetable	1
Moong dal ka halwa	1
Murgh Musallam	1
Mushroom do pyaza	1
Mushroom matar	1
Naan	1
Navrattan korma	1
Palak Daal	1
Palak Paneer	1
Paneer butter masala	1
Paneer Tikka Masala	1
Pani Puri	1
Panjeeri	1
Paratha	1
Pattor	1
Phirni	1
Pindi chana	1
Pinni	1
Rajma Chaval	1
Rajma	1
Ramatori subji	1
Rice	1
Rongi	1
Samosa	1
Samose	1
Sattu ki Roti	1
Shahi paneer	1
Shahi tukra	1
Singhada Halwa	1
Sooji Halwa	1
